ror_value,spo2_value
1.35936, 99
1.20071, 99
0.90881, 100
2.05882,97
1.63526,98
1.54701,99
1.31341,96
1.29404,96
1.80360,97
1.31478,96
1.59003,96