RoR,SpO2_ref
1.1519183105689603,100.0
1.0640896864451386,100.0
0.9927418975135591,98.0
