Rratio,SpO2_ref
1.0006409485719616,97.0
1.0035673502769797,98.0
